{
  "Routes": [
    {
      "DownstreamPathTemplate": "/StudentActivity/Add",
      "DownstreamScheme": "https",
      "DownstreamHostAndPorts": [
        {
          "Host": "localhost",
          "Port": "7214"
        }
      ],
      "UpstreamPathTemplate": "/records/add",
      "UpstreamHttpMethod": [ "GET", "POST" ]
    },
    {
      "DownstreamPathTemplate": "/StudentActivity/List",
      "DownstreamScheme": "https",
      "DownstreamHostAndPorts": [
        {
          "Host": "localhost",
          "Port": "7214"
        }
      ],
      "UpstreamPathTemplate": "/records/list",
      "UpstreamHttpMethod": [ "GET" ]
    },
    {
      "DownstreamPathTemplate": "/StudentActivity/Edit/{id}",
      "DownstreamScheme": "https",
      "DownstreamHostAndPorts": [
        {
          "Host": "localhost",
          "Port": "7214"
        }
      ],
      "UpstreamPathTemplate": "/records/edit/{id}",
      "UpstreamHttpMethod": [ "GET", "POST" ]
    },
    {
      "DownstreamPathTemplate": "/StudentActivity/Delete/{id}",
      "DownstreamScheme": "https",
      "DownstreamHostAndPorts": [
        {
          "Host": "localhost",
          "Port": "7214"
        }
      ],
      "UpstreamPathTemplate": "/records/delete/{id}",
      "UpstreamHttpMethod": [ "POST" ]
    },
    {
      "DownstreamPathTemplate": "/StudentActivity/Report",
      "DownstreamScheme": "https",
      "DownstreamHostAndPorts": [
        {
          "Host": "localhost",
          "Port": "7214"
        }
      ],
      "UpstreamPathTemplate": "/records/report",
      "UpstreamHttpMethod": [ "GET" ]
    }
  ],
  "GlobalConfiguration": {
    "BaseUrl": "https://localhost:7214"
  }
}
